{"cameraMode":{"drawMode":0,"name":"Shaded","section":"Shading Mode"},"sceneLighting":false,"audioPlay":false,"sceneViewState":{"showFog":true,"showMaterialUpdate":true,"showSkybox":false,"showFlares":true,"showImageEffects":true,"showParticleSystems":true},"in2DMode":false,"pivot":{"x":-3.263744354248047,"y":-1.2920650243759156,"z":93.23104858398438},"rotation":{"x":-0.10670193284749985,"y":0.5037440657615662,"z":-0.06293676793575287,"w":-0.8549458980560303},"size":25.944732666015626,"orthographic":false}