{"cameraMode":{"drawMode":0,"name":"Shaded","section":"Shading Mode"},"sceneLighting":false,"audioPlay":false,"sceneViewState":{"showFog":true,"showMaterialUpdate":true,"showSkybox":false,"showFlares":true,"showImageEffects":true,"showParticleSystems":true},"in2DMode":false,"pivot":{"x":-9.47993278503418,"y":-4.356145858764648,"z":-1.1214667558670045},"rotation":{"x":0.20144568383693696,"y":-0.6958871483802795,"z":0.21388259530067445,"w":0.6553208827972412},"size":21.084407806396486,"orthographic":false}