{"cameraMode":{"drawMode":0,"name":"Shaded","section":"Shading Mode"},"sceneLighting":false,"audioPlay":false,"sceneViewState":{"showFog":true,"showMaterialUpdate":true,"showSkybox":false,"showFlares":true,"showImageEffects":true,"showParticleSystems":true},"in2DMode":false,"pivot":{"x":101.13531494140625,"y":-0.4720907211303711,"z":-215.5216064453125},"rotation":{"x":0.019615445286035539,"y":0.9496418833732605,"z":-0.30691152811050417,"w":0.06041378155350685},"size":23.334524154663087,"orthographic":false}