{"cameraMode":{"drawMode":0,"name":"Shaded","section":"Shading Mode"},"sceneLighting":false,"audioPlay":false,"sceneViewState":{"showFog":true,"showMaterialUpdate":true,"showSkybox":false,"showFlares":true,"showImageEffects":true,"showParticleSystems":true},"in2DMode":false,"pivot":{"x":98.03099060058594,"y":1.9185127019882203,"z":-212.23712158203126},"rotation":{"x":-0.0009327589650638402,"y":-0.9585955739021301,"z":0.28490492701530459,"w":-0.0024771252647042276},"size":23.334524154663087,"orthographic":false}