{"cameraMode":{"drawMode":0,"name":"Shaded","section":"Shading Mode"},"sceneLighting":false,"audioPlay":false,"sceneViewState":{"showFog":true,"showMaterialUpdate":true,"showSkybox":false,"showFlares":true,"showImageEffects":true,"showParticleSystems":true},"in2DMode":false,"pivot":{"x":50.48780822753906,"y":-89.08541870117188,"z":-252.78256225585938},"rotation":{"x":0.6890761852264404,"y":0.03126983717083931,"z":-0.029787270352244378,"w":0.723406195640564},"size":17.880298614501954,"orthographic":false}