{"cameraMode":{"drawMode":0,"name":"Shaded","section":"Shading Mode"},"sceneLighting":false,"audioPlay":false,"sceneViewState":{"showFog":true,"showMaterialUpdate":true,"showSkybox":false,"showFlares":true,"showImageEffects":true,"showParticleSystems":true},"in2DMode":false,"pivot":{"x":193.3439178466797,"y":-12.423415184020996,"z":-126.2983627319336},"rotation":{"x":0.253487765789032,"y":-0.11915842443704605,"z":0.03150106966495514,"w":0.959469199180603},"size":4.041658401489258,"orthographic":false}