{"cameraMode":{"drawMode":0,"name":"Shaded","section":"Shading Mode"},"sceneLighting":false,"audioPlay":false,"sceneViewState":{"showFog":true,"showMaterialUpdate":true,"showSkybox":false,"showFlares":true,"showImageEffects":true,"showParticleSystems":true},"in2DMode":false,"pivot":{"x":155.2175750732422,"y":-305.774658203125,"z":-184.0292205810547},"rotation":{"x":0.1347719132900238,"y":0.7743092179298401,"z":-0.5927724838256836,"w":0.17591843008995057},"size":2.8578836917877199,"orthographic":false}