{"cameraMode":{"drawMode":0,"name":"Shaded","section":"Shading Mode"},"sceneLighting":false,"audioPlay":false,"sceneViewState":{"showFog":true,"showMaterialUpdate":true,"showSkybox":false,"showFlares":true,"showImageEffects":true,"showParticleSystems":true},"in2DMode":false,"pivot":{"x":620.6214599609375,"y":133.93846130371095,"z":486.150634765625},"rotation":{"x":0.05720366910099983,"y":0.04700497165322304,"z":-0.002696059877052903,"w":0.9972531795501709},"size":22.0,"orthographic":false}