{"cameraMode":{"drawMode":0,"name":"Shaded","section":"Shading Mode"},"sceneLighting":false,"audioPlay":false,"sceneViewState":{"showFog":true,"showMaterialUpdate":true,"showSkybox":false,"showFlares":true,"showImageEffects":true,"showParticleSystems":true},"in2DMode":false,"pivot":{"x":127.4256820678711,"y":-9.758748547028518e-7,"z":0.0481966994702816},"rotation":{"x":-0.010200181044638157,"y":0.015598120167851448,"z":0.00015944676124490798,"w":0.9998287558555603},"size":819.4461669921875,"orthographic":false}