{"cameraMode":{"drawMode":0,"name":"Shaded","section":"Shading Mode"},"sceneLighting":true,"audioPlay":false,"sceneViewState":{"showFog":true,"showMaterialUpdate":true,"showSkybox":false,"showFlares":true,"showImageEffects":true,"showParticleSystems":true},"in2DMode":false,"pivot":{"x":43.22528839111328,"y":-503.592041015625,"z":-127.37962341308594},"rotation":{"x":-0.02050061896443367,"y":0.7652999758720398,"z":-0.6429210305213928,"w":-0.024371905252337457},"size":601.16943359375,"orthographic":false}